{"cameraMode":{"drawMode":0,"name":"Shaded","section":"Shading Mode"},"sceneLighting":true,"audioPlay":false,"sceneViewState":{"showFog":true,"showMaterialUpdate":false,"showSkybox":true,"showFlares":true,"showImageEffects":true,"showParticleSystems":true},"in2DMode":false,"pivot":{"x":-3.33758544921875,"y":2.7907466888427736,"z":7.749676704406738},"rotation":{"x":0.11844875663518906,"y":-0.6307812929153442,"z":0.09823866188526154,"w":0.7605490684509277},"size":36.643821716308597,"orthographic":false}