{"cameraMode":{"drawMode":0,"name":"Shaded","section":"Shading Mode"},"sceneLighting":true,"audioPlay":false,"sceneViewState":{"showFog":true,"showMaterialUpdate":false,"showSkybox":true,"showFlares":true,"showImageEffects":true,"showParticleSystems":true},"in2DMode":false,"pivot":{"x":-1.139789342880249,"y":1.0911229848861695,"z":-0.055683206766843799},"rotation":{"x":0.35587942600250246,"y":-0.09869968146085739,"z":0.03782914578914642,"w":0.9285375475883484},"size":7.76143741607666,"orthographic":false}